Patient_ID,Gender,Age,Medical_Condition,Admission_Date,Admission_Type,Medical_Code,Billing_Amount,Discharge_Date
P1001,Male,45,Hypertension,15-01-2026,Urgent,ICD-10-I10,4500,20-01-2026
P1002,Female,32,Pneumonia,16-01-2026,Emergency,ICD-10-J18,6700.5,22-01-2026
P1003,Male,68,Diabetes Type 2,16-01-2026,Routine,ICD-10-E11,3200,18-01-2026
P1004,Female,55,Asthma,17-01-2026,Emergency,ICD-10-J45,5800,19-01-2026
P1005,Male,29,Fracture,17-01-2026,Urgent,ICD-10-S52,8500,25-01-2026
P1006,Female,41,Appendicitis,18-01-2026,Emergency,ICD-10-K35,9200,21-01-2026
P1007,Male,73,Heart Failure,18-01-2026,Routine,ICD-10-I50,10500,28-01-2026
P1008,Female,27,Migraine,19-01-2026,Routine,ICD-10-G43,2500,20-01-2026
P1009,Male,58,COPD,19-01-2026,Emergency,ICD-10-J44,7800,24-01-2026
P1010,Female,36,Gastritis,20-01-2026,Urgent,ICD-10-K29,3900,22-01-2026
P1011,Male,62,Osteoarthritis,20-01-2026,Routine,ICD-10-M17,4800,23-01-2026
P1012,Female,48,Urinary Tract Infection,21-01-2026,Routine,ICD-10-N39,2800,23-01-2026
P1013,Male,51,Heart Attack,21-01-2026,Emergency,ICD-10-I21,12500,29-01-2026
P1014,Female,39,Skin Infection,22-01-2026,Urgent,ICD-10-L03,3600,25-01-2026
P1015,Male,44,Kidney Stone,22-01-2026,Emergency,ICD-10-N20,8900,24-01-2026
P1016,Female,67,Stroke,23-01-2026,Emergency,ICD-10-I63,11200,30-01-2026
P1017,Male,33,Anxiety Disorder,23-01-2026,Routine,ICD-10-F41,3100,25-01-2026
P1018,Female,56,Diabetes Type 1,24-01-2026,Routine,ICD-10-E10,4200,27-01-2026
P1019,Male,77,Parkinson's Disease,24-01-2026,Routine,ICD-10-G20,6500,31-01-2026
P1020,Female,30,Pregnancy,25-01-2026,Routine,ICD-10-O80,5300,27-01-2026
P1021,Male,49,Back Pain,25-01-2026,Urgent,ICD-10-M54,3400,28-01-2026
P1022,Female,63,Pneumonia,26-01-2026,Emergency,ICD-10-J18,7200,30-01-2026
P1023,Male,26,Appendicitis,26-01-2026,Emergency,ICD-10-K35,9100,28-01-2026
P1024,Female,52,Hypothyroidism,27-01-2026,Routine,ICD-10-E03,2900,29-01-2026
P1025,Male,70,COPD,27-01-2026,Emergency,ICD-10-J44,8100,01-02-2026
P1026,Female,34,Allergic Reaction,28-01-2026,Urgent,ICD-10-T78,3700,29-01-2026
P1027,Male,46,Gallstones,28-01-2026,Routine,ICD-10-K80,5500,31-01-2026
P1028,Female,59,Heart Failure,29-01-2026,Emergency,ICD-10-I50,10800,04-02-2026
P1029,Male,38,Asthma,29-01-2026,Urgent,ICD-10-J45,4700,31-01-2026
P1030,Female,72,Osteoporosis,30-01-2026,Routine,ICD-10-M81,4300,02-02-2026
P1031,Male,54,Hypertension,30-01-2026,Routine,ICD-10-I10,3900,01-02-2026
P1032,Female,28,Appendicitis,31-01-2026,Emergency,ICD-10-K35,9300,02-02-2026
P1033,Male,65,Pneumonia,31-01-2026,Emergency,ICD-10-J18,7500,04-02-2026
P1034,Female,43,Fracture,01-02-2026,Urgent,ICD-10-S52,8200,06-02-2026
P1035,Male,50,Gastritis,01-02-2026,Routine,ICD-10-K29,3100,03-02-2026
P1036,Female,61,Diabetes Type 2,02-02-2026,Routine,ICD-10-E11,3500,05-02-2026
P1037,Male,35,Anxiety Disorder,02-02-2026,Routine,ICD-10-F41,2900,04-02-2026
P1038,Female,47,Urinary Tract Infection,03-02-2026,Routine,ICD-10-N39,2600,05-02-2026
P1039,Male,71,Heart Attack,03-02-2026,Emergency,ICD-10-I21,12800,09-02-2026
P1040,Female,25,Migraine,04-02-2026,Routine,ICD-10-G43,2300,05-02-2026
P1041,Male,57,Kidney Stone,04-02-2026,Emergency,ICD-10-N20,8800,06-02-2026
P1042,Female,69,Stroke,05-02-2026,Emergency,ICD-10-I63,11500,11-02-2026
P1043,Male,42,Back Pain,05-02-2026,Urgent,ICD-10-M54,3300,07-02-2026
P1044,Female,31,Skin Infection,06-02-2026,Urgent,ICD-10-L03,3500,08-02-2026
P1045,Male,66,Heart Failure,06-02-2026,Routine,ICD-10-I50,9900,10-02-2026
P1046,Female,53,Osteoarthritis,07-02-2026,Routine,ICD-10-M17,4600,09-02-2026
P1047,Male,37,Pneumonia,07-02-2026,Emergency,ICD-10-J18,6900,09-02-2026
P1048,Female,74,Parkinson's Disease,08-02-2026,Routine,ICD-10-G20,6600,13-02-2026
P1049,Male,22,Fracture,08-02-2026,Urgent,ICD-10-S52,7900,12-02-2026
P1050,Female,60,Diabetes Type 1,09-02-2026,Routine,ICD-10-E10,4400,11-02-2026
P1051,Male,48,Hypertension,09-02-2026,Routine,ICD-10-I10,4100,11-02-2026
P1052,Female,33,Appendicitis,10-02-2026,Emergency,ICD-10-K35,9400,12-02-2026
P1053,Male,76,COPD,10-02-2026,Emergency,ICD-10-J44,8400,14-02-2026
P1054,Female,40,Gastritis,11-02-2026,Urgent,ICD-10-K29,3800,13-02-2026
P1055,Male,29,Allergic Reaction,11-02-2026,Urgent,ICD-10-T78,3600,12-02-2026
P1056,Female,64,Heart Failure,12-02-2026,Routine,ICD-10-I50,10200,16-02-2026
P1057,Male,55,Kidney Stone,12-02-2026,Emergency,ICD-10-N20,8700,14-02-2026
P1058,Female,26,Pregnancy,13-02-2026,Routine,ICD-10-O80,5100,15-02-2026
P1059,Male,44,Stroke,13-02-2026,Emergency,ICD-10-I63,10900,18-02-2026
P1060,Female,58,Osteoporosis,14-02-2026,Routine,ICD-10-M81,4200,16-02-2026
P1061,Male,32,Asthma,14-02-2026,Urgent,ICD-10-J45,4600,16-02-2026
P1062,Female,70,Pneumonia,15-02-2026,Emergency,ICD-10-J18,7700,18-02-2026
P1063,Male,51,Gallstones,15-02-2026,Routine,ICD-10-K80,5600,18-02-2026
P1064,Female,39,Anxiety Disorder,16-02-2026,Routine,ICD-10-F41,3000,18-02-2026
P1065,Male,67,Diabetes Type 2,16-02-2026,Routine,ICD-10-E11,3600,18-02-2026
P1066,Female,45,Hypertension,17-02-2026,Routine,ICD-10-I10,3800,19-02-2026
P1067,Male,30,Appendicitis,17-02-2026,Emergency,ICD-10-K35,9500,19-02-2026
P1068,Female,62,Heart Attack,18-02-2026,Emergency,ICD-10-I21,12700,23-02-2026
P1069,Male,78,COPD,18-02-2026,Emergency,ICD-10-J44,8500,22-02-2026
P1070,Female,34,Skin Infection,19-02-2026,Urgent,ICD-10-L03,3400,21-02-2026
P1071,Male,41,Back Pain,19-02-2026,Urgent,ICD-10-M54,3200,21-02-2026
P1072,Female,56,Urinary Tract Infection,20-02-2026,Routine,ICD-10-N39,2700,22-02-2026
P1073,Male,72,Parkinson's Disease,20-02-2026,Routine,ICD-10-G20,6700,25-02-2026
P1074,Female,49,Fracture,21-02-2026,Urgent,ICD-10-S52,8300,25-02-2026
P1075,Male,36,Osteoarthritis,21-02-2026,Routine,ICD-10-M17,4700,23-02-2026
P1076,Female,65,Stroke,22-02-2026,Emergency,ICD-10-I63,11400,27-02-2026
P1077,Male,53,Pneumonia,22-02-2026,Emergency,ICD-10-J18,7400,25-02-2026
P1078,Female,27,Gastritis,23-02-2026,Urgent,ICD-10-K29,3700,25-02-2026
P1079,Male,60,Diabetes Type 1,23-02-2026,Routine,ICD-10-E10,4300,26-02-2026
P1080,Female,42,Kidney Stone,24-02-2026,Emergency,ICD-10-N20,8900,26-02-2026
P1081,Male,46,Heart Failure,24-02-2026,Routine,ICD-10-I50,10100,28-02-2026
P1082,Female,38,Migraine,25-02-2026,Routine,ICD-10-G43,2400,26-02-2026
P1083,Male,24,Appendicitis,25-02-2026,Emergency,ICD-10-K35,9200,27-02-2026
P1084,Female,71,COPD,26-02-2026,Emergency,ICD-10-J44,8200,01-03-2026
P1085,Male,57,Hypertension,26-02-2026,Routine,ICD-10-I10,4000,28-02-2026
P1086,Female,35,Allergic Reaction,27-02-2026,Urgent,ICD-10-T78,3500,28-02-2026
P1087,Male,63,Osteoporosis,27-02-2026,Routine,ICD-10-M81,4400,01-03-2026
P1088,Female,50,Asthma,28-02-2026,Urgent,ICD-10-J45,4800,01-03-2026
P1089,Male,31,Anxiety Disorder,28-02-2026,Routine,ICD-10-F41,2800,02-03-2026
P1090,Female,66,Heart Attack,01-03-2026,Emergency,ICD-10-I21,12900,06-03-2026
P1091,Male,75,Pneumonia,01-03-2026,Emergency,ICD-10-J18,7900,04-03-2026
P1092,Female,44,Gallstones,02-03-2026,Routine,ICD-10-K80,5400,04-03-2026
P1093,Male,28,Fracture,02-03-2026,Urgent,ICD-10-S52,8000,06-03-2026
P1094,Female,59,Diabetes Type 2,03-03-2026,Routine,ICD-10-E11,3700,05-03-2026
P1095,Male,52,Stroke,03-03-2026,Emergency,ICD-10-I63,11000,08-03-2026
P1096,Female,37,Skin Infection,04-03-2026,Urgent,ICD-10-L03,3300,06-03-2026
P1097,Male,47,Back Pain,04-03-2026,Urgent,ICD-10-M54,3400,06-03-2026
P1098,Female,68,Heart Failure,05-03-2026,Routine,ICD-10-I50,10600,09-03-2026
P1099,Male,40,Pregnancy,05-03-2026,Routine,ICD-10-O80,5200,07-03-2026
P1100,Female,23,Appendicitis,06-03-2026,Emergency,ICD-10-K35,9300,08-03-2026
P1101,Male,64,COPD,06-03-2026,Emergency,ICD-10-J44,8300,10-03-2026
P1102,Female,54,Kidney Stone,07-03-2026,Emergency,ICD-10-N20,8600,09-03-2026
P1103,Male,43,Hypertension,07-03-2026,Routine,ICD-10-I10,3900,09-03-2026
P1104,Female,32,Gastritis,08-03-2026,Urgent,ICD-10-K29,3600,10-03-2026
P1105,Male,70,Parkinson's Disease,08-03-2026,Routine,ICD-10-G20,6800,13-03-2026
P1106,Female,61,Osteoarthritis,09-03-2026,Routine,ICD-10-M17,4900,11-03-2026
P1107,Male,26,Asthma,09-03-2026,Urgent,ICD-10-J45,4500,11-03-2026
P1108,Female,76,Heart Attack,10-03-2026,Emergency,ICD-10-I21,13100,15-03-2026
P1109,Male,58,Pneumonia,10-03-2026,Emergency,ICD-10-J18,7600,13-03-2026
P1110,Female,39,Urinary Tract Infection,11-03-2026,Routine,ICD-10-N39,2800,13-03-2026
P1111,Male,34,Appendicitis,11-03-2026,Emergency,ICD-10-K35,9400,13-03-2026
P1112,Female,62,Diabetes Type 1,12-03-2026,Routine,ICD-10-E10,4500,14-03-2026
P1113,Male,49,Stroke,12-03-2026,Emergency,ICD-10-I63,11300,17-03-2026
P1114,Female,28,Migraine,13-03-2026,Routine,ICD-10-G43,2500,14-03-2026
P1115,Male,73,Heart Failure,13-03-2026,Routine,ICD-10-I50,10700,17-03-2026
P1116,Female,45,Fracture,14-03-2026,Urgent,ICD-10-S52,8400,18-03-2026
P1117,Male,56,COPD,14-03-2026,Emergency,ICD-10-J44,8000,17-03-2026
P1118,Female,30,Allergic Reaction,15-03-2026,Urgent,ICD-10-T78,3700,16-03-2026
P1119,Male,67,Kidney Stone,15-03-2026,Emergency,ICD-10-N20,9000,17-03-2026
P1120,Female,51,Hypertension,16-03-2026,Routine,ICD-10-I10,4100,18-03-2026
P1121,Male,38,Back Pain,16-03-2026,Urgent,ICD-10-M54,3300,18-03-2026
P1122,Female,69,Pneumonia,17-03-2026,Emergency,ICD-10-J18,7800,20-03-2026
P1123,Male,25,Appendicitis,17-03-2026,Emergency,ICD-10-K35,9100,19-03-2026
P1124,Female,57,Osteoporosis,18-03-2026,Routine,ICD-10-M81,4300,20-03-2026
P1125,Male,44,Gastritis,18-03-2026,Urgent,ICD-10-K29,3800,20-03-2026
P1126,Female,33,Skin Infection,19-03-2026,Urgent,ICD-10-L03,3400,21-03-2026
P1127,Male,72,Stroke,19-03-2026,Emergency,ICD-10-I63,11600,24-03-2026
P1128,Female,46,Diabetes Type 2,20-03-2026,Routine,ICD-10-E11,3800,22-03-2026
P1129,Male,54,Gallstones,20-03-2026,Routine,ICD-10-K80,5500,22-03-2026
P1130,Female,65,Heart Attack,21-03-2026,Emergency,ICD-10-I21,12600,26-03-2026
P1131,Male,37,Asthma,21-03-2026,Urgent,ICD-10-J45,4700,23-03-2026
P1132,Female,29,Pregnancy,22-03-2026,Routine,ICD-10-O80,5300,24-03-2026
P1133,Male,60,Heart Failure,22-03-2026,Routine,ICD-10-I50,10300,26-03-2026
P1134,Female,75,Parkinson's Disease,23-03-2026,Routine,ICD-10-G20,6900,28-03-2026
P1135,Male,41,Fracture,23-03-2026,Urgent,ICD-10-S52,8200,27-03-2026
P1136,Female,52,COPD,24-03-2026,Emergency,ICD-10-J44,8100,27-03-2026
P1137,Male,27,Kidney Stone,24-03-2026,Emergency,ICD-10-N20,8800,26-03-2026
P1138,Female,63,Hypertension,25-03-2026,Routine,ICD-10-I10,4200,27-03-2026
P1139,Male,50,Anxiety Disorder,25-03-2026,Routine,ICD-10-F41,3000,27-03-2026
P1140,Female,36,Appendicitis,26-03-2026,Emergency,ICD-10-K35,9500,28-03-2026
P1141,Male,71,Pneumonia,26-03-2026,Emergency,ICD-10-J18,7900,29-03-2026
P1142,Female,43,Urinary Tract Infection,27-03-2026,Routine,ICD-10-N39,2900,29-03-2026
P1143,Male,32,Gastritis,27-03-2026,Urgent,ICD-10-K29,3700,29-03-2026
P1144,Female,59,Stroke,28-03-2026,Emergency,ICD-10-I63,11200,01-04-2026
P1145,Male,66,Osteoarthritis,28-03-2026,Routine,ICD-10-M17,5000,30-03-2026
P1146,Female,24,Migraine,29-03-2026,Routine,ICD-10-G43,2300,30-03-2026
P1147,Male,48,Diabetes Type 1,29-03-2026,Routine,ICD-10-E10,4400,31-03-2026
P1148,Female,70,Heart Attack,30-03-2026,Emergency,ICD-10-I21,13000,03-04-2026
P1149,Male,55,Back Pain,30-03-2026,Urgent,ICD-10-M54,3500,01-04-2026
P1150,Female,34,Allergic Reaction,31-03-2026,Urgent,ICD-10-T78,3600,01-04-2026
P1151,Male,77,COPD,31-03-2026,Emergency,ICD-10-J44,8600,04-04-2026
P1152,Female,61,Kidney Stone,01-04-2026,Emergency,ICD-10-N20,8900,03-04-2026
P1153,Male,40,Appendicitis,01-04-2026,Emergency,ICD-10-K35,9200,03-04-2026
P1154,Female,52,Pneumonia,02-04-2026,Emergency,ICD-10-J18,7300,04-04-2026
P1155,Male,29,Skin Infection,02-04-2026,Urgent,ICD-10-L03,3200,04-04-2026
P1156,Female,67,Heart Failure,03-04-2026,Routine,ICD-10-I50,10800,07-04-2026
P1157,Male,45,Hypertension,03-04-2026,Routine,ICD-10-I10,4000,05-04-2026
P1158,Female,38,Gastritis,04-04-2026,Urgent,ICD-10-K29,3900,06-04-2026
P1159,Male,58,Fracture,04-04-2026,Urgent,ICD-10-S52,8500,08-04-2026
P1160,Female,73,Parkinson's Disease,05-04-2026,Routine,ICD-10-G20,7000,10-04-2026
P1161,Male,26,Asthma,05-04-2026,Urgent,ICD-10-J45,4600,07-04-2026
P1162,Female,49,Diabetes Type 2,06-04-2026,Routine,ICD-10-E11,3900,08-04-2026
P1163,Male,63,Stroke,06-04-2026,Emergency,ICD-10-I63,11500,10-04-2026
P1164,Female,31,Pregnancy,07-04-2026,Routine,ICD-10-O80,5400,09-04-2026
P1165,Male,69,COPD,07-04-2026,Emergency,ICD-10-J44,8400,10-04-2026
P1166,Female,54,Gallstones,08-04-2026,Routine,ICD-10-K80,5700,10-04-2026
P1167,Male,35,Anxiety Disorder,08-04-2026,Routine,ICD-10-F41,3100,10-04-2026
P1168,Female,62,Heart Attack,09-04-2026,Emergency,ICD-10-I21,12800,13-04-2026
P1169,Male,47,Urinary Tract Infection,09-04-2026,Routine,ICD-10-N39,3000,11-04-2026
P1170,Female,28,Appendicitis,10-04-2026,Emergency,ICD-10-K35,9400,12-04-2026
P1171,Male,56,Osteoporosis,10-04-2026,Routine,ICD-10-M81,4500,12-04-2026
P1172,Female,74,Pneumonia,11-04-2026,Emergency,ICD-10-J18,8000,14-04-2026
P1173,Male,42,Back Pain,11-04-2026,Urgent,ICD-10-M54,3400,13-04-2026
P1174,Female,37,Kidney Stone,12-04-2026,Emergency,ICD-10-N20,8700,14-04-2026
P1175,Male,68,Heart Failure,12-04-2026,Routine,ICD-10-I50,10900,16-04-2026
P1176,Female,50,Hypertension,13-04-2026,Routine,ICD-10-I10,4100,15-04-2026
P1177,Male,33,Skin Infection,13-04-2026,Urgent,ICD-10-L03,3500,15-04-2026
P1178,Female,65,Stroke,14-04-2026,Emergency,ICD-10-I63,11700,18-04-2026
P1179,Male,23,Fracture,14-04-2026,Urgent,ICD-10-S52,8100,18-04-2026
P1180,Female,57,Diabetes Type 1,15-04-2026,Routine,ICD-10-E10,4600,17-04-2026
P1181,Male,71,COPD,15-04-2026,Emergency,ICD-10-J44,8500,18-04-2026
P1182,Female,44,Gastritis,16-04-2026,Urgent,ICD-10-K29,4000,18-04-2026
P1183,Male,39,Appendicitis,16-04-2026,Emergency,ICD-10-K35,9300,18-04-2026
P1184,Female,60,Osteoarthritis,17-04-2026,Routine,ICD-10-M17,5100,19-04-2026
P1185,Male,53,Pneumonia,17-04-2026,Emergency,ICD-10-J18,7500,20-04-2026
P1186,Female,30,Allergic Reaction,18-04-2026,Urgent,ICD-10-T78,3800,19-04-2026
P1187,Male,76,Heart Attack,18-04-2026,Emergency,ICD-10-I21,13200,23-04-2026
P1188,Female,41,Migraine,19-04-2026,Routine,ICD-10-G43,2600,20-04-2026
P1189,Male,48,Asthma,19-04-2026,Urgent,ICD-10-J45,4800,21-04-2026
P1190,Female,70,Heart Failure,20-04-2026,Routine,ICD-10-I50,11000,24-04-2026
P1191,Male,32,Kidney Stone,20-04-2026,Emergency,ICD-10-N20,8900,22-04-2026
P1192,Female,55,Hypertension,21-04-2026,Routine,ICD-10-I10,4200,23-04-2026
P1193,Male,64,Stroke,21-04-2026,Emergency,ICD-10-I63,11600,25-04-2026
P1194,Female,27,Appendicitis,22-04-2026,Emergency,ICD-10-K35,9200,24-04-2026
P1195,Male,46,Gallstones,22-04-2026,Routine,ICD-10-K80,5600,24-04-2026
P1196,Female,72,Pneumonia,23-04-2026,Emergency,ICD-10-J18,8100,26-04-2026
P1197,Male,36,Back Pain,23-04-2026,Urgent,ICD-10-M54,3500,25-04-2026
P1198,Female,51,Diabetes Type 2,24-04-2026,Routine,ICD-10-E11,4000,26-04-2026
P1199,Male,68,COPD,24-04-2026,Emergency,ICD-10-J44,8600,27-04-2026
P1200,Female,34,Urinary Tract Infection,25-04-2026,Routine,ICD-10-N39,2900,27-04-2026
P1201,Male,59,Heart Failure,25-04-2026,Routine,ICD-10-I50,10500,29-04-2026
P1202,Female,47,Anxiety Disorder,26-04-2026,Routine,ICD-10-F41,3200,28-04-2026
P1203,Male,29,Skin Infection,26-04-2026,Urgent,ICD-10-L03,3600,28-04-2026
P1204,Female,66,Heart Attack,27-04-2026,Emergency,ICD-10-I21,12900,01-05-2026
P1205,Male,43,Fracture,27-04-2026,Urgent,ICD-10-S52,8300,01-05-2026
P1206,Female,39,Gastritis,28-04-2026,Urgent,ICD-10-K29,3900,30-04-2026
P1207,Male,74,Parkinson's Disease,28-04-2026,Routine,ICD-10-G20,7100,03-05-2026
P1208,Female,22,Pregnancy,29-04-2026,Routine,ICD-10-O80,5200,01-05-2026
P1209,Male,61,Stroke,29-04-2026,Emergency,ICD-10-I63,11800,03-05-2026
P1210,Female,56,Osteoporosis,30-04-2026,Routine,ICD-10-M81,4600,02-05-2026
P1211,Male,38,Kidney Stone,30-04-2026,Emergency,ICD-10-N20,8800,02-05-2026
P1212,Female,63,Hypertension,01-05-2026,Routine,ICD-10-I10,4300,03-05-2026
P1213,Male,25,Appendicitis,01-05-2026,Emergency,ICD-10-K35,9400,03-05-2026
P1214,Female,72,COPD,02-05-2026,Emergency,ICD-10-J44,8700,05-05-2026
P1215,Male,50,Pneumonia,02-05-2026,Emergency,ICD-10-J18,7400,05-05-2026
P1216,Female,35,Allergic Reaction,03-05-2026,Urgent,ICD-10-T78,3700,04-05-2026
P1217,Male,67,Heart Failure,03-05-2026,Routine,ICD-10-I50,11100,07-05-2026
P1218,Female,44,Asthma,04-05-2026,Urgent,ICD-10-J45,4900,06-05-2026
P1219,Male,30,Back Pain,04-05-2026,Urgent,ICD-10-M54,3600,06-05-2026
P1220,Female,58,Diabetes Type 1,05-05-2026,Routine,ICD-10-E10,4700,07-05-2026
P1221,Male,76,Heart Attack,05-05-2026,Emergency,ICD-10-I21,13300,09-05-2026
P1222,Female,41,Urinary Tract Infection,06-05-2026,Routine,ICD-10-N39,3000,08-05-2026
P1223,Male,53,Gallstones,06-05-2026,Routine,ICD-10-K80,5700,08-05-2026
P1224,Female,28,Skin Infection,07-05-2026,Urgent,ICD-10-L03,3500,09-05-2026
P1225,Male,65,Stroke,07-05-2026,Emergency,ICD-10-I63,11900,11-05-2026
P1226,Female,71,COPD,08-05-2026,Emergency,ICD-10-J44,8800,11-05-2026
P1227,Male,37,Pneumonia,08-05-2026,Emergency,ICD-10-J18,7600,10-05-2026
P1228,Female,52,Hypertension,09-05-2026,Routine,ICD-10-I10,4400,11-05-2026
P1229,Male,45,Gastritis,09-05-2026,Urgent,ICD-10-K29,4000,11-05-2026
P1230,Female,62,Heart Failure,10-05-2026,Routine,ICD-10-I50,11200,14-05-2026
P1231,Male,33,Appendicitis,10-05-2026,Emergency,ICD-10-K35,9500,12-05-2026
P1232,Female,49,Osteoarthritis,11-05-2026,Routine,ICD-10-M17,5200,13-05-2026
P1233,Male,59,Kidney Stone,11-05-2026,Emergency,ICD-10-N20,9000,13-05-2026
P1234,Female,27,Pregnancy,12-05-2026,Routine,ICD-10-O80,5300,14-05-2026
P1235,Male,72,Parkinson's Disease,12-05-2026,Routine,ICD-10-G20,7200,17-05-2026
P1236,Female,40,Fracture,13-05-2026,Urgent,ICD-10-S52,8400,17-05-2026
P1237,Male,57,Diabetes Type 2,13-05-2026,Routine,ICD-10-E11,4100,15-05-2026
P1238,Female,68,Heart Attack,14-05-2026,Emergency,ICD-10-I21,13100,18-05-2026
P1239,Male,34,Anxiety Disorder,14-05-2026,Routine,ICD-10-F41,3300,16-05-2026
P1240,Female,55,COPD,15-05-2026,Emergency,ICD-10-J44,8200,18-05-2026
P1241,Male,42,Back Pain,15-05-2026,Urgent,ICD-10-M54,3700,17-05-2026
P1242,Female,30,Skin Infection,16-05-2026,Urgent,ICD-10-L03,3600,18-05-2026
P1243,Male,66,Stroke,16-05-2026,Emergency,ICD-10-I63,12000,20-05-2026
P1244,Female,48,Urinary Tract Infection,17-05-2026,Routine,ICD-10-N39,3100,19-05-2026
P1245,Male,24,Appendicitis,17-05-2026,Emergency,ICD-10-K35,9300,19-05-2026
P1246,Female,73,Pneumonia,18-05-2026,Emergency,ICD-10-J18,8200,21-05-2026
P1247,Male,50,Hypertension,18-05-2026,Routine,ICD-10-I10,4500,20-05-2026
P1248,Female,39,Allergic Reaction,19-05-2026,Urgent,ICD-10-T78,3800,20-05-2026
P1249,Male,64,Heart Failure,19-05-2026,Routine,ICD-10-I50,11300,23-05-2026
P1250,Female,56,Kidney Stone,20-05-2026,Emergency,ICD-10-N20,9100,22-05-2026
P1251,Male,31,Gastritis,20-05-2026,Urgent,ICD-10-K29,4100,22-05-2026
P1252,Female,67,Osteoporosis,21-05-2026,Routine,ICD-10-M81,4700,23-05-2026
P1253,Male,46,Asthma,21-05-2026,Urgent,ICD-10-J45,5000,23-05-2026
P1254,Female,29,Fracture,22-05-2026,Urgent,ICD-10-S52,8200,26-05-2026
P1255,Male,75,COPD,22-05-2026,Emergency,ICD-10-J44,8900,25-05-2026
P1256,Female,61,Diabetes Type 1,23-05-2026,Routine,ICD-10-E10,4800,25-05-2026
P1257,Male,38,Appendicitis,23-05-2026,Emergency,ICD-10-K35,9600,25-05-2026
P1258,Female,44,Heart Attack,24-05-2026,Emergency,ICD-10-I21,12700,28-05-2026
P1259,Male,70,Stroke,24-05-2026,Emergency,ICD-10-I63,12100,28-05-2026
P1260,Female,53,Pneumonia,25-05-2026,Emergency,ICD-10-J18,7700,28-05-2026
P1261,Male,27,Skin Infection,25-05-2026,Urgent,ICD-10-L03,3400,27-05-2026
P1262,Female,60,Hypertension,26-05-2026,Routine,ICD-10-I10,4600,28-05-2026
P1263,Male,47,Gallstones,26-05-2026,Routine,ICD-10-K80,5800,28-05-2026
P1264,Female,32,Pregnancy,27-05-2026,Routine,ICD-10-O80,5400,29-05-2026
P1265,Male,62,Heart Failure,27-05-2026,Routine,ICD-10-I50,11400,31-05-2026
P1266,Female,74,Parkinson's Disease,28-05-2026,Routine,ICD-10-G20,7300,01-06-2026
P1267,Male,36,Back Pain,28-05-2026,Urgent,ICD-10-M54,3800,30-05-2026
P1268,Female,51,Kidney Stone,29-05-2026,Emergency,ICD-10-N20,9200,31-05-2026
P1269,Male,58,COPD,29-05-2026,Emergency,ICD-10-J44,8300,01-06-2026
P1270,Female,26,Appendicitis,30-05-2026,Emergency,ICD-10-K35,9400,01-06-2026
P1271,Male,43,Diabetes Type 2,30-05-2026,Routine,ICD-10-E11,4200,01-06-2026
P1272,Female,69,Stroke,31-05-2026,Emergency,ICD-10-I63,12200,04-06-2026
P1273,Male,30,Anxiety Disorder,31-05-2026,Routine,ICD-10-F41,3400,02-06-2026
P1274,Female,54,Urinary Tract Infection,01-06-2026,Routine,ICD-10-N39,3200,03-06-2026
P1275,Male,65,Heart Attack,01-06-2026,Emergency,ICD-10-I21,13000,05-06-2026
P1276,Female,37,Fracture,02-06-2026,Urgent,ICD-10-S52,8500,06-06-2026
P1277,Male,49,Pneumonia,02-06-2026,Emergency,ICD-10-J18,7800,05-06-2026
P1278,Female,71,COPD,03-06-2026,Emergency,ICD-10-J44,8400,06-06-2026
P1279,Male,28,Gastritis,03-06-2026,Urgent,ICD-10-K29,4200,05-06-2026
P1280,Female,63,Hypertension,04-06-2026,Routine,ICD-10-I10,4700,06-06-2026
P1281,Male,56,Osteoarthritis,04-06-2026,Routine,ICD-10-M17,5300,06-06-2026
P1282,Female,33,Allergic Reaction,05-06-2026,Urgent,ICD-10-T78,3900,06-06-2026
P1283,Male,77,Heart Failure,05-06-2026,Routine,ICD-10-I50,11500,09-06-2026
P1284,Female,45,Kidney Stone,06-06-2026,Emergency,ICD-10-N20,9300,08-06-2026
P1285,Male,40,Appendicitis,06-06-2026,Emergency,ICD-10-K35,9500,08-06-2026
P1286,Female,59,Stroke,07-06-2026,Emergency,ICD-10-I63,12300,11-06-2026
P1287,Male,34,Asthma,07-06-2026,Urgent,ICD-10-J45,5100,09-06-2026
P1288,Female,68,Pneumonia,08-06-2026,Emergency,ICD-10-J18,7900,11-06-2026
P1289,Male,23,Skin Infection,08-06-2026,Urgent,ICD-10-L03,3700,10-06-2026
P1290,Female,52,Diabetes Type 1,09-06-2026,Routine,ICD-10-E10,4900,11-06-2026
P1291,Male,72,COPD,09-06-2026,Emergency,ICD-10-J44,8600,12-06-2026
P1292,Female,38,Back Pain,10-06-2026,Urgent,ICD-10-M54,3900,12-06-2026
P1293,Male,50,Gallstones,10-06-2026,Routine,ICD-10-K80,5900,12-06-2026
P1294,Female,64,Heart Attack,11-06-2026,Emergency,ICD-10-I21,13100,15-06-2026
P1295,Male,41,Hypertension,11-06-2026,Routine,ICD-10-I10,4800,13-06-2026
P1296,Female,29,Pregnancy,12-06-2026,Routine,ICD-10-O80,5500,14-06-2026
P1297,Male,60,Heart Failure,12-06-2026,Routine,ICD-10-I50,11600,16-06-2026
P1298,Female,46,Urinary Tract Infection,13-06-2026,Routine,ICD-10-N39,3300,15-06-2026
P1299,Male,35,Appendicitis,13-06-2026,Emergency,ICD-10-K35,9600,15-06-2026
P1300,Female,73,Parkinson's Disease,14-06-2026,Routine,ICD-10-G20,7400,18-06-2026
P1301,Male,67,Fracture,14-06-2026,Urgent,ICD-10-S52,8600,18-06-2026
P1302,Female,55,Stroke,15-06-2026,Emergency,ICD-10-I63,12400,19-06-2026
P1303,Male,26,Osteoporosis,15-06-2026,Routine,ICD-10-M81,4800,17-06-2026
P1304,Female,61,COPD,16-06-2026,Emergency,ICD-10-J44,8500,19-06-2026
P1305,Male,44,Gastritis,16-06-2026,Urgent,ICD-10-K29,4300,18-06-2026
P1306,Female,32,Kidney Stone,17-06-2026,Emergency,ICD-10-N20,9400,19-06-2026
P1307,Male,78,Heart Attack,17-06-2026,Emergency,ICD-10-I21,13400,21-06-2026
P1308,Female,49,Pneumonia,18-06-2026,Emergency,ICD-10-J18,8000,21-06-2026
P1309,Male,57,Diabetes Type 2,18-06-2026,Routine,ICD-10-E11,4300,20-06-2026
P1310,Female,25,Allergic Reaction,19-06-2026,Urgent,ICD-10-T78,4000,20-06-2026
P1311,Male,63,Hypertension,19-06-2026,Routine,ICD-10-I10,4900,21-06-2026
P1312,Female,42,Asthma,20-06-2026,Urgent,ICD-10-J45,5200,22-06-2026
P1313,Male,30,Back Pain,20-06-2026,Urgent,ICD-10-M54,4000,22-06-2026
P1314,Female,66,Heart Failure,21-06-2026,Routine,ICD-10-I50,11700,25-06-2026
P1315,Male,47,Appendicitis,21-06-2026,Emergency,ICD-10-K35,9700,23-06-2026
P1316,Female,58,Stroke,22-06-2026,Emergency,ICD-10-I63,12500,26-06-2026
P1317,Male,36,Skin Infection,22-06-2026,Urgent,ICD-10-L03,3800,24-06-2026
P1318,Female,71,COPD,23-06-2026,Emergency,ICD-10-J44,8700,26-06-2026
P1319,Male,53,Gallstones,23-06-2026,Routine,ICD-10-K80,6000,25-06-2026
P1320,Female,34,Pregnancy,24-06-2026,Routine,ICD-10-O80,5600,26-06-2026
P1321,Male,68,Kidney Stone,24-06-2026,Emergency,ICD-10-N20,9500,26-06-2026
P1322,Female,44,Diabetes Type 1,25-06-2026,Routine,ICD-10-E10,5000,27-06-2026
P1323,Male,29,Fracture,25-06-2026,Urgent,ICD-10-S52,8700,29-06-2026
P1324,Female,62,Heart Attack,26-06-2026,Emergency,ICD-10-I21,13200,30-06-2026
P1325,Male,76,Parkinson's Disease,26-06-2026,Routine,ICD-10-G20,7500,30-06-2026
P1326,Female,51,Hypertension,27-06-2026,Routine,ICD-10-I10,5000,29-06-2026
P1327,Male,38,Urinary Tract Infection,27-06-2026,Routine,ICD-10-N39,3400,29-06-2026
P1328,Female,70,Stroke,28-06-2026,Emergency,ICD-10-I63,12600,02-07-2026
P1329,Male,45,Pneumonia,28-06-2026,Emergency,ICD-10-J18,8100,01-07-2026
P1330,Female,27,Osteoarthritis,29-06-2026,Routine,ICD-10-M17,5400,01-07-2026
P1331,Male,59,Heart Failure,29-06-2026,Routine,ICD-10-I50,11800,03-07-2026
P1332,Female,65,COPD,30-06-2026,Emergency,ICD-10-J44,8600,03-07-2026
P1333,Male,32,Appendicitis,30-06-2026,Emergency,ICD-10-K35,9800,02-07-2026
P1334,Female,48,Back Pain,01-07-2026,Urgent,ICD-10-M54,4100,03-07-2026
P1335,Male,73,Gastritis,01-07-2026,Urgent,ICD-10-K29,4400,03-07-2026
P1336,Female,56,Kidney Stone,02-07-2026,Emergency,ICD-10-N20,9600,04-07-2026
P1337,Male,40,Diabetes Type 2,02-07-2026,Routine,ICD-10-E11,4400,04-07-2026
P1338,Female,31,Allergic Reaction,03-07-2026,Urgent,ICD-10-T78,4100,04-07-2026
P1339,Male,64,Heart Attack,03-07-2026,Emergency,ICD-10-I21,13300,07-07-2026
P1340,Female,75,Parkinson's Disease,04-07-2026,Routine,ICD-10-G20,7600,08-07-2026
P1341,Male,28,Skin Infection,04-07-2026,Urgent,ICD-10-L03,3900,06-07-2026
P1342,Female,60,Stroke,05-07-2026,Emergency,ICD-10-I63,12700,09-07-2026
P1343,Male,52,Pneumonia,05-07-2026,Emergency,ICD-10-J18,8200,08-07-2026
P1344,Female,38,Asthma,06-07-2026,Urgent,ICD-10-J45,5300,08-07-2026
P1345,Male,69,Heart Failure,06-07-2026,Routine,ICD-10-I50,11900,10-07-2026
P1346,Female,46,Hypertension,07-07-2026,Routine,ICD-10-I10,5100,09-07-2026
P1347,Male,33,Fracture,07-07-2026,Urgent,ICD-10-S52,8800,11-07-2026
P1348,Female,58,COPD,08-07-2026,Emergency,ICD-10-J44,8700,11-07-2026
P1349,Male,42,Appendicitis,08-07-2026,Emergency,ICD-10-K35,9900,10-07-2026
P1350,Female,24,Pregnancy,09-07-2026,Routine,ICD-10-O80,5700,11-07-2026
P1351,Male,71,Gallstones,09-07-2026,Routine,ICD-10-K80,6100,11-07-2026
P1352,Female,54,Urinary Tract Infection,10-07-2026,Routine,ICD-10-N39,3500,12-07-2026
P1353,Male,37,Kidney Stone,10-07-2026,Emergency,ICD-10-N20,9700,12-07-2026
P1354,Female,67,Osteoporosis,11-07-2026,Routine,ICD-10-M81,4900,13-07-2026
P1355,Male,25,Diabetes Type 1,11-07-2026,Routine,ICD-10-E10,5100,13-07-2026
P1356,Female,72,Heart Attack,12-07-2026,Emergency,ICD-10-I21,13400,16-07-2026
P1357,Male,50,Stroke,12-07-2026,Emergency,ICD-10-I63,12800,16-07-2026
P1358,Female,41,Back Pain,13-07-2026,Urgent,ICD-10-M54,4200,15-07-2026
P1359,Male,62,COPD,13-07-2026,Emergency,ICD-10-J44,8800,16-07-2026
P1360,Female,30,Gastritis,14-07-2026,Urgent,ICD-10-K29,4500,16-07-2026
P1361,Male,78,Heart Failure,14-07-2026,Routine,ICD-10-I50,12000,18-07-2026
P1362,Female,55,Hypertension,15-07-2026,Routine,ICD-10-I10,5200,17-07-2026
P1363,Male,35,Appendicitis,15-07-2026,Emergency,ICD-10-K35,10000,17-07-2026
P1364,Female,49,Pneumonia,16-07-2026,Emergency,ICD-10-J18,8300,19-07-2026
P1365,Male,66,Parkinson's Disease,16-07-2026,Routine,ICD-10-G20,7700,20-07-2026
P1366,Female,28,Skin Infection,17-07-2026,Urgent,ICD-10-L03,4000,19-07-2026
P1367,Male,57,Kidney Stone,17-07-2026,Emergency,ICD-10-N20,9800,19-07-2026
P1368,Female,63,Osteoarthritis,18-07-2026,Routine,ICD-10-M17,5500,20-07-2026
P1369,Male,44,Asthma,18-07-2026,Urgent,ICD-10-J45,5400,20-07-2026
P1370,Female,32,Allergic Reaction,19-07-2026,Urgent,ICD-10-T78,4200,20-07-2026
P1371,Male,70,Stroke,19-07-2026,Emergency,ICD-10-I63,12900,23-07-2026
P1372,Female,53,Diabetes Type 2,20-07-2026,Routine,ICD-10-E11,4500,22-07-2026
P1373,Male,39,Fracture,20-07-2026,Urgent,ICD-10-S52,8900,24-07-2026
P1374,Female,60,Heart Failure,21-07-2026,Routine,ICD-10-I50,12100,25-07-2026
P1375,Male,47,COPD,21-07-2026,Emergency,ICD-10-J44,8900,24-07-2026
P1376,Female,26,Pregnancy,22-07-2026,Routine,ICD-10-O80,5800,24-07-2026
P1377,Male,65,Heart Attack,22-07-2026,Emergency,ICD-10-I21,13500,26-07-2026
P1378,Female,74,Parkinson's Disease,23-07-2026,Routine,ICD-10-G20,7800,27-07-2026
P1379,Male,36,Appendicitis,23-07-2026,Emergency,ICD-10-K35,10100,25-07-2026
P1380,Female,50,Hypertension,24-07-2026,Routine,ICD-10-I10,5300,26-07-2026
P1381,Male,31,Urinary Tract Infection,24-07-2026,Routine,ICD-10-N39,3600,26-07-2026
P1382,Female,68,Pneumonia,25-07-2026,Emergency,ICD-10-J18,8400,28-07-2026
P1383,Male,55,Gastritis,25-07-2026,Urgent,ICD-10-K29,4600,27-07-2026
P1384,Female,43,Kidney Stone,26-07-2026,Emergency,ICD-10-N20,9900,28-07-2026
P1385,Male,76,Stroke,26-07-2026,Emergency,ICD-10-I63,13000,30-07-2026
P1386,Female,61,COPD,27-07-2026,Emergency,ICD-10-J44,9000,30-07-2026
P1387,Male,29,Back Pain,27-07-2026,Urgent,ICD-10-M54,4300,29-07-2026
P1388,Female,56,Diabetes Type 1,28-07-2026,Routine,ICD-10-E10,5200,30-07-2026
P1389,Male,45,Gallstones,28-07-2026,Routine,ICD-10-K80,6200,30-07-2026
P1390,Female,33,Skin Infection,29-07-2026,Urgent,ICD-10-L03,4100,31-07-2026
P1391,Male,62,Heart Failure,29-07-2026,Routine,ICD-10-I50,12200,02-08-2026
P1392,Female,71,Asthma,30-07-2026,Urgent,ICD-10-J45,5500,01-08-2026
P1393,Male,38,Appendicitis,30-07-2026,Emergency,ICD-10-K35,10200,01-08-2026
P1394,Female,49,Pneumonia,31-07-2026,Emergency,ICD-10-J18,8500,03-08-2026
P1395,Male,58,Fracture,31-07-2026,Urgent,ICD-10-S52,9000,04-08-2026
P1396,Female,27,Osteoporosis,01-08-2026,Routine,ICD-10-M81,5000,03-08-2026
P1397,Male,67,Heart Attack,01-08-2026,Emergency,ICD-10-I21,13600,05-08-2026
P1398,Female,54,Hypertension,02-08-2026,Routine,ICD-10-I10,5400,04-08-2026
P1399,Male,41,Kidney Stone,02-08-2026,Emergency,ICD-10-N20,10000,04-08-2026
P1400,Female,64,Stroke,03-08-2026,Emergency,ICD-10-I63,13100,07-08-2026
P1401,Male,34,Gastritis,03-08-2026,Urgent,ICD-10-K29,4700,05-08-2026
P1402,Female,77,Parkinson's Disease,04-08-2026,Routine,ICD-10-G20,7900,08-08-2026
P1403,Male,52,COPD,04-08-2026,Emergency,ICD-10-J44,9100,07-08-2026
P1404,Female,40,Allergic Reaction,05-08-2026,Urgent,ICD-10-T78,4300,06-08-2026
P1405,Male,28,Diabetes Type 2,05-08-2026,Routine,ICD-10-E11,4600,07-08-2026
P1406,Female,62,Heart Failure,06-08-2026,Routine,ICD-10-I50,12300,10-08-2026
P1407,Male,37,Appendicitis,06-08-2026,Emergency,ICD-10-K35,10300,08-08-2026
P1408,Female,48,Urinary Tract Infection,07-08-2026,Routine,ICD-10-N39,3700,09-08-2026
P1409,Male,70,Pneumonia,07-08-2026,Emergency,ICD-10-J18,8600,10-08-2026
P1410,Female,32,Pregnancy,08-08-2026,Routine,ICD-10-O80,5900,10-08-2026
P1411,Male,46,Back Pain,08-08-2026,Urgent,ICD-10-M54,4400,10-08-2026
P1412,Female,59,Heart Attack,09-08-2026,Emergency,ICD-10-I21,13700,13-08-2026
P1413,Male,68,Osteoarthritis,09-08-2026,Routine,ICD-10-M17,5600,11-08-2026
P1414,Female,35,Skin Infection,10-08-2026,Urgent,ICD-10-L03,4200,12-08-2026
P1415,Male,56,Kidney Stone,10-08-2026,Emergency,ICD-10-N20,10100,12-08-2026
P1416,Female,73,Stroke,11-08-2026,Emergency,ICD-10-I63,13200,15-08-2026
P1417,Male,30,Asthma,11-08-2026,Urgent,ICD-10-J45,5600,13-08-2026
P1418,Female,66,COPD,12-08-2026,Emergency,ICD-10-J44,9200,15-08-2026
P1419,Male,43,Gallstones,12-08-2026,Routine,ICD-10-K80,6300,14-08-2026
P1420,Female,51,Hypertension,13-08-2026,Routine,ICD-10-I10,5500,15-08-2026
P1421,Male,39,Fracture,13-08-2026,Urgent,ICD-10-S52,9100,17-08-2026
P1422,Female,26,Diabetes Type 1,14-08-2026,Routine,ICD-10-E10,5300,16-08-2026
P1423,Male,65,Heart Failure,14-08-2026,Routine,ICD-10-I50,12400,18-08-2026
P1424,Female,57,Pneumonia,15-08-2026,Emergency,ICD-10-J18,8700,18-08-2026
P1425,Male,33,Appendicitis,15-08-2026,Emergency,ICD-10-K35,10400,17-08-2026
P1426,Female,47,Urinary Tract Infection,16-08-2026,Routine,ICD-10-N39,3800,18-08-2026
P1427,Male,72,Parkinson's Disease,16-08-2026,Routine,ICD-10-G20,8000,20-08-2026
P1428,Female,29,Allergic Reaction,17-08-2026,Urgent,ICD-10-T78,4400,18-08-2026
P1429,Male,61,Stroke,17-08-2026,Emergency,ICD-10-I63,13300,21-08-2026
P1430,Female,54,Back Pain,18-08-2026,Urgent,ICD-10-M54,4500,20-08-2026
P1431,Male,38,Kidney Stone,18-08-2026,Emergency,ICD-10-N20,10200,20-08-2026
P1432,Female,69,COPD,19-08-2026,Emergency,ICD-10-J44,9300,22-08-2026
P1433,Male,50,Heart Attack,19-08-2026,Emergency,ICD-10-I21,13800,23-08-2026
P1434,Female,36,Gastritis,20-08-2026,Urgent,ICD-10-K29,4800,22-08-2026
P1435,Male,64,Diabetes Type 2,20-08-2026,Routine,ICD-10-E11,4700,22-08-2026
P1436,Female,75,Stroke,21-08-2026,Emergency,ICD-10-I63,13400,25-08-2026
P1437,Male,31,Pregnancy,21-08-2026,Routine,ICD-10-O80,6000,23-08-2026
P1438,Female,58,Hypertension,22-08-2026,Routine,ICD-10-I10,5600,24-08-2026
P1439,Male,44,Skin Infection,22-08-2026,Urgent,ICD-10-L03,4300,24-08-2026
P1440,Female,67,Heart Failure,23-08-2026,Routine,ICD-10-I50,12500,27-08-2026
P1441,Male,27,Appendicitis,23-08-2026,Emergency,ICD-10-K35,10500,25-08-2026
P1442,Female,52,Pneumonia,24-08-2026,Emergency,ICD-10-J18,8800,27-08-2026
P1443,Male,73,Parkinson's Disease,24-08-2026,Routine,ICD-10-G20,8100,28-08-2026
P1444,Female,40,Asthma,25-08-2026,Urgent,ICD-10-J45,5700,27-08-2026
P1445,Male,60,COPD,25-08-2026,Emergency,ICD-10-J44,9400,28-08-2026
P1446,Female,32,Fracture,26-08-2026,Urgent,ICD-10-S52,9200,30-08-2026
P1447,Male,46,Gallstones,26-08-2026,Routine,ICD-10-K80,6400,28-08-2026
P1448,Female,71,Heart Attack,27-08-2026,Emergency,ICD-10-I21,13900,31-08-2026
P1449,Male,53,Kidney Stone,27-08-2026,Emergency,ICD-10-N20,10300,29-08-2026
P1450,Female,28,Diabetes Type 1,28-08-2026,Routine,ICD-10-E10,5400,30-08-2026
P1451,Male,66,Stroke,28-08-2026,Emergency,ICD-10-I63,13500,01-09-2026
P1452,Female,55,Osteoporosis,29-08-2026,Routine,ICD-10-M81,5100,31-08-2026
P1453,Male,37,Osteoarthritis,29-08-2026,Routine,ICD-10-M17,5700,31-08-2026
P1454,Female,63,Hypertension,30-08-2026,Routine,ICD-10-I10,5700,01-09-2026
P1455,Male,29,Urinary Tract Infection,30-08-2026,Routine,ICD-10-N39,3900,01-09-2026
P1456,Female,76,Pneumonia,31-08-2026,Emergency,ICD-10-J18,8900,03-09-2026
P1457,Male,48,Appendicitis,31-08-2026,Emergency,ICD-10-K35,10600,02-09-2026
P1458,Female,34,Back Pain,01-09-2026,Urgent,ICD-10-M54,4600,03-09-2026
P1459,Male,61,Heart Failure,01-09-2026,Routine,ICD-10-I50,12600,05-09-2026
P1460,Female,42,Gastritis,02-09-2026,Urgent,ICD-10-K29,4900,04-09-2026
P1461,Male,74,COPD,02-09-2026,Emergency,ICD-10-J44,9500,05-09-2026
P1462,Female,59,Skin Infection,03-09-2026,Urgent,ICD-10-L03,4400,05-09-2026
P1463,Male,36,Kidney Stone,03-09-2026,Emergency,ICD-10-N20,10400,05-09-2026
P1464,Female,68,Stroke,04-09-2026,Emergency,ICD-10-I63,13600,08-09-2026
P1465,Male,52,Diabetes Type 2,04-09-2026,Routine,ICD-10-E11,4800,06-09-2026
P1466,Female,25,Pregnancy,05-09-2026,Routine,ICD-10-O80,6100,07-09-2026
P1467,Male,70,Heart Attack,05-09-2026,Emergency,ICD-10-I21,14000,09-09-2026
P1468,Female,45,Allergic Reaction,06-09-2026,Urgent,ICD-10-T78,4500,07-09-2026
P1469,Male,58,Parkinson's Disease,06-09-2026,Routine,ICD-10-G20,8200,10-09-2026
P1470,Female,65,Hypertension,07-09-2026,Routine,ICD-10-I10,5800,09-09-2026
P1471,Male,30,Appendicitis,07-09-2026,Emergency,ICD-10-K35,10700,09-09-2026
P1472,Female,56,Asthma,08-09-2026,Urgent,ICD-10-J45,5800,10-09-2026
P1473,Male,44,Fracture,08-09-2026,Urgent,ICD-10-S52,9300,12-09-2026
P1474,Female,72,COPD,09-09-2026,Emergency,ICD-10-J44,9600,12-09-2026
P1475,Male,62,Heart Failure,09-09-2026,Routine,ICD-10-I50,12700,13-09-2026
P1476,Female,38,Urinary Tract Infection,10-09-2026,Routine,ICD-10-N39,4000,12-09-2026
P1477,Male,51,Stroke,10-09-2026,Emergency,ICD-10-I63,13700,14-09-2026
P1478,Female,33,Gallstones,11-09-2026,Routine,ICD-10-K80,6500,13-09-2026
P1479,Male,67,Kidney Stone,11-09-2026,Emergency,ICD-10-N20,10500,13-09-2026
P1480,Female,48,Pneumonia,12-09-2026,Emergency,ICD-10-J18,9000,15-09-2026
P1481,Male,35,Back Pain,12-09-2026,Urgent,ICD-10-M54,4700,14-09-2026
P1482,Female,60,Diabetes Type 1,13-09-2026,Routine,ICD-10-E10,5500,15-09-2026
P1483,Male,73,Heart Attack,13-09-2026,Emergency,ICD-10-I21,14100,17-09-2026
P1484,Female,27,Skin Infection,14-09-2026,Urgent,ICD-10-L03,4500,16-09-2026
P1485,Male,46,Osteoporosis,14-09-2026,Routine,ICD-10-M81,5200,16-09-2026
P1486,Female,64,COPD,15-09-2026,Emergency,ICD-10-J44,9700,18-09-2026
P1487,Male,32,Appendicitis,15-09-2026,Emergency,ICD-10-K35,10800,17-09-2026
P1488,Female,54,Hypertension,16-09-2026,Routine,ICD-10-I10,5900,18-09-2026
P1489,Male,70,Stroke,16-09-2026,Emergency,ICD-10-I63,13800,20-09-2026
P1490,Female,41,Gastritis,17-09-2026,Urgent,ICD-10-K29,5000,19-09-2026
P1491,Male,57,Heart Failure,17-09-2026,Routine,ICD-10-I50,12800,21-09-2026
P1492,Female,29,Pregnancy,18-09-2026,Routine,ICD-10-O80,6200,20-09-2026
P1493,Male,63,Kidney Stone,18-09-2026,Emergency,ICD-10-N20,10600,20-09-2026
P1494,Female,75,Parkinson's Disease,19-09-2026,Routine,ICD-10-G20,8300,23-09-2026
P1495,Male,39,Asthma,19-09-2026,Urgent,ICD-10-J45,5900,21-09-2026
P1496,Female,50,COPD,20-09-2026,Emergency,ICD-10-J44,9800,23-09-2026
P1497,Male,28,Fracture,20-09-2026,Urgent,ICD-10-S52,9400,24-09-2026
P1498,Female,67,Heart Attack,21-09-2026,Emergency,ICD-10-I21,14200,25-09-2026
P1499,Male,43,Diabetes Type 2,21-09-2026,Routine,ICD-10-E11,4900,23-09-2026
P1500,Female,61,Stroke,22-09-2026,Emergency,ICD-10-I63,13900,26-09-2026
